Frequency_Hz,Gain_Diff_dB,Gain_CM_dB,CMRR_dB
1.0,86.0163615,-105.425241,191.4416025
1.02331731,86.0163615,-107.60099,193.61735149999998
1.04717833,86.0163615,-106.106187,192.1225485
1.07159571,86.0163615,-100.634536,186.65089749999999
1.09658244,86.0163615,-100.902913,186.9192745
1.1221518,86.0163615,-106.560903,192.5772645
1.14831737,86.0163615,-100.918017,186.9343785
1.17509304,86.0163615,-106.97897,192.99533150000002
1.20249306,86.0163615,-123.602053,209.6184145
1.23053197,86.0163615,-122.989145,209.0055065
1.25922467,86.0163615,-122.891809,208.90817049999998
1.2885864,86.0163615,-105.060147,191.0765085
1.31863278,86.0163615,-135.539878,221.5562395
1.34937975,86.0163615,-119.819487,205.8358485
1.38084366,86.0163615,-100.942291,186.9586525
1.41304123,86.0163615,-120.407756,206.42411750000002
1.44598955,86.0163615,-106.587338,192.6036995
1.47970615,86.0163615,-127.260706,213.2770675
1.51420892,86.0163615,-108.444606,194.46096749999998
1.5495162,86.0163615,-138.072812,224.08917350000002
1.58564676,86.0163615,-106.362837,192.3791985
1.62261978,86.0163615,-106.05934,192.0757015
1.66045492,86.0163615,-135.591828,221.60818949999998
1.69917227,86.0163615,-133.744941,219.7613025
1.7387924,86.0163615,-134.938443,220.95480450000002
1.77933637,86.0163615,-100.957738,186.97409950000002
1.82082571,86.0163615,-138.570347,224.5867085
1.86328248,86.0163615,-106.637939,192.6543005
1.90672922,86.0163615,-99.8503281,185.8666896
1.95118902,86.0163615,-133.753731,219.77009249999998
1.99668551,86.0163615,-137.21014,223.22650149999998
2.04324285,86.0163615,-100.963583,186.9799445
2.09088579,86.0163615,-106.340181,192.3565425
2.13963963,86.0163615,-132.308482,218.3248435
2.18953028,86.0163615,-106.06211,192.0784715
2.24058424,86.0163615,-106.953815,192.9701765
2.29282865,86.0163615,-135.864616,221.88097750000003
2.34629126,86.0163615,-107.46146,193.4778215
2.40100046,86.0163615,-106.147425,192.16378650000001
2.45698535,86.0163615,-106.084268,192.1006295
2.51427565,86.0163615,-106.984589,193.0009505
2.5729018,86.0163615,-128.050531,214.0668925
2.63289496,86.0163615,-106.992333,193.0086945
2.694287,86.0163615,-140.297439,226.3138005
2.75711053,86.0163615,-105.941512,191.9578735
2.82139895,86.0163615,-100.663063,186.67942449999998
2.88718639,86.0163615,-106.169356,192.1857175
2.95450782,86.0163615,-106.715118,192.7314795
3.02339901,86.0163615,-106.295323,192.3116845
3.09389655,86.0163615,-107.737697,193.75405849999999
3.16603791,86.0163615,-100.715455,186.7318165
3.23986141,86.0163615,-105.490128,191.5064895
3.31540628,86.0163615,-107.081926,193.0982875
3.39271264,86.0163615,-136.299404,222.3157655
3.47182159,86.0163615,-126.557653,212.5740145
3.55277514,86.0163615,-129.715229,215.73159049999998
3.63561632,86.0163615,-100.117026,186.1333875
3.72038912,86.0163615,-106.556309,192.57267050000002
3.80713861,86.0163615,-104.987588,191.0039495
3.89591085,86.0163615,-119.780964,205.7973255
3.98675303,86.0163615,-107.74373,193.7600915
4.0797134,86.0163615,-107.05487,193.0712315
4.17484136,86.0163615,-101.2994,187.3157615
4.27218745,86.0163615,-99.8414707,185.85783220000002
4.37180338,86.0163615,-107.256608,193.2729695
4.47374209,86.0163615,-109.100392,195.11675350000002
4.57805774,86.0163615,-104.912873,190.9292345
4.68480575,86.0163615,-109.240442,195.2568035
4.79404284,86.0163615,-116.827001,202.8433625
4.90582704,86.0163615,-103.86624,189.88260150000002
5.02021775,86.0163615,-115.976627,201.9929885
5.13727574,86.0163615,-108.886558,194.9029195
5.25706322,86.0163615,-104.213783,190.2301445
5.37964381,86.0163615,-117.626964,203.6433255
5.50508265,86.0163615,-102.455615,188.47197649999998
5.63344639,86.0163615,-110.493476,196.5098375
5.76480323,86.0163615,-114.545547,200.56190850000002
5.89922296,86.0163615,-103.030508,189.0468695
6.03677699,86.0163615,-110.299771,196.3161325
6.17753842,86.0163615,-110.404838,196.4211995
6.32158202,86.0163615,-111.416225,197.4325865
6.46898433,86.0163615,-112.499774,198.51613550000002
6.61982367,86.0163615,-102.727281,188.74364250000002
6.77418018,86.0163615,-113.450576,199.4669375
6.93213587,86.0163615,-112.181633,198.1979945
7.09377465,86.0163615,-112.410902,198.42726349999998
7.25918242,86.0163615,-115.124464,201.1408255
7.42844706,86.0163615,-116.001594,202.0179555
7.60165849,86.0163615,-116.29074,202.3071015
7.77890875,86.0163615,-116.136838,202.1531995
7.96029201,86.0163615,-101.468385,187.4847465
8.14590464,86.0163615,-108.820689,194.8370505
8.33584525,86.0163615,-117.793771,203.8101325
8.53021477,86.0163615,-105.540677,191.5570385
8.72911647,86.0163615,-107.517511,193.5338725
8.93265602,86.0163615,-134.114585,220.1309465
9.14094156,86.0163615,-100.642068,186.6584295
9.35408377,86.0163615,-107.046536,193.06289750000002
9.57219588,86.0163615,-123.308815,209.3251765
9.79539377,86.0163615,-101.774733,187.79109449999999
10.023796,86.0163615,-108.846617,194.8629785
10.257524,86.0163615,-116.276636,202.2929975
10.496702,86.0163615,-104.279333,190.2956945
10.7414568,86.0163615,-102.719863,188.7362245
10.9919188,86.0163615,-111.345644,197.3620055
11.2482208,86.0163615,-112.108491,198.1248525
11.5104991,86.0163615,-104.267948,190.2843095
11.778893,86.0163615,-99.5334258,185.5497873
12.0535452,86.0163615,-105.470353,191.4867145
12.3346015,86.0163615,-127.359592,213.3759535
12.6222112,86.0163615,-106.443103,192.4594645
12.9165273,86.0163615,-124.041129,210.0574905
13.217706,86.0163615,-123.584431,209.6007925
13.5259074,86.0163615,-110.213444,196.2298055
13.8412952,86.0163615,-103.460218,189.4765795
14.1640371,86.0163615,-111.902695,197.9190565
14.4943044,86.0163615,-115.538908,201.5552695
14.8322726,86.0163615,-107.899094,193.9154555
15.1781214,86.0163615,-106.450697,192.4670585
15.5320344,86.0163615,-97.2629812,183.2793427
15.8941997,86.0163615,-109.368416,195.38477749999998
16.2648098,86.0163615,-111.108041,197.1244025
16.6440614,86.0163615,-114.027755,200.0441165
17.0321562,86.0163615,-104.445823,190.4621845
17.4293004,86.0163615,-108.300044,194.3164055
17.8357048,86.0163615,-99.4948318,185.5111933
18.2515856,86.0163615,-104.080626,190.0969875
18.6771635,86.0163615,-113.892715,199.9090765
19.1126648,86.0163615,-101.687323,187.7036845
19.5583208,86.0163615,-106.145769,192.1621305
20.0143683,86.0163615,-121.960225,207.9765865
20.4810496,86.0163615,-111.51984,197.5362015
20.9586127,86.0163615,-115.001042,201.0174035
21.4473113,86.0163615,-107.197774,193.2141355
21.9474049,86.0163615,-109.867022,195.8833835
22.4591595,86.0163615,-114.40064,200.4170015
22.9828467,86.0163615,-126.233732,212.2500935
23.518745,86.0163615,-120.234795,206.2511565
24.067139,86.0163615,-98.9093382,184.9256997
24.62832,86.0163615,-135.586391,221.6027525
25.2025863,86.0163615,-103.988397,190.0047585
25.7902429,86.0163615,-102.482608,188.4989695
26.3916021,86.0163615,-100.750911,186.7672725
27.0069833,86.0163615,-103.612834,189.6291955
27.6367137,86.0163615,-130.573542,216.5899035
28.2811276,86.0163615,-111.733582,197.7499435
28.9405675,86.0163615,-97.4068675,183.423229
29.6153838,86.0163615,-103.038629,189.0549905
30.305935,86.0163615,-106.14571,192.1620715
31.012588,86.0163615,-111.351862,197.3682235
31.7357183,86.0163615,-108.773324,194.78968550000002
32.47571,86.0163615,-107.675053,193.6914145
33.2329563,86.0163615,-110.844185,196.8605465
34.0078596,86.0163615,-132.115268,218.13162949999997
34.8008315,86.0163615,-101.348694,187.36505549999998
35.6122934,86.0163615,-110.140752,196.1571135
36.4426765,86.0163615,-115.740928,201.7572895
37.2924218,86.0163615,-122.422166,208.43852750000002
38.1619809,86.0163615,-127.064014,213.0803755
39.0518158,86.0163615,-105.729841,191.74620249999998
39.9623992,86.0163615,-100.768787,186.7851485
40.8942151,86.0163615,-100.167283,186.1836445
41.8477583,86.0163615,-137.246558,223.2629195
42.8235356,86.0163615,-97.1763056,183.1926671
43.8220655,86.0163615,-104.752741,190.7691025
44.8438783,86.0163615,-111.758329,197.77469050000002
45.8895171,86.0163615,-115.772443,201.7888045
46.9595374,86.0163615,-106.899276,192.9156375
48.0545077,86.0163615,-110.453652,196.4700135
49.1750097,86.0163615,-119.87231,205.8886715
50.3216388,86.0163615,-99.6890923,185.7054538
51.4950043,86.0163615,-105.091107,191.10746849999998
52.6957295,86.0163615,-103.468934,189.4852955
53.9244523,86.0163615,-101.619724,187.6360855
55.1818257,86.0163615,-124.733827,210.7501885
56.4685177,86.0163615,-100.643619,186.65998050000002
57.7852118,86.0163615,-105.080935,191.0972965
59.1326078,86.0163615,-105.997072,192.01343350000002
60.5114213,86.0163615,-123.802788,209.8191495
61.9223852,86.0163615,-103.562908,189.5792695
63.3662489,86.0163615,-105.649958,191.6663195
64.8437796,86.0163615,-104.298712,190.31507349999998
66.3557623,86.0163615,-106.919996,192.93635749999999
67.9030005,86.0163615,-102.1056,188.1219615
69.4863161,86.0163615,-102.978533,188.9948945
71.1065503,86.0163615,-111.413224,197.4295855
72.7645641,86.0163615,-103.548666,189.56502749999999
74.4612383,86.0163615,-133.375899,219.39226050000002
76.1974743,86.0163615,-114.436902,200.4532635
77.9741948,86.0163615,-106.696528,192.71288950000002
79.7923435,86.0163615,-105.100756,191.1171175
81.6528867,86.0163615,-119.903303,205.9196645
83.5568127,86.0163615,-105.398775,191.41513650000002
85.5051331,86.0163615,-110.118751,196.1351125
87.4988831,86.0163615,-117.591871,203.60823249999999
89.5391221,86.0163615,-102.711933,188.7282945
91.6269339,86.0163615,-103.176734,189.1930955
93.7634279,86.0163615,-110.103825,196.1201865
95.9497392,86.0163615,-105.346202,191.36256350000002
98.1870294,86.0163615,-106.839564,192.8559255
100.476487,86.0163615,-107.280907,193.2972685
102.819329,86.0163615,-107.621364,193.6377255
105.2168,86.0163615,-107.989945,194.0063065
107.670173,86.0163615,-118.128191,204.1445525
110.180752,86.0163615,-105.100247,191.11660849999998
112.749871,86.0163615,-113.817208,199.8335695
115.378895,86.0163615,-109.742647,195.7590085
118.069221,86.0163615,-112.302022,198.31838349999998
120.822278,86.0163615,-118.315791,204.3321525
123.639529,86.0163615,-109.353193,195.3695545
126.522471,86.0163615,-114.909791,200.9261525
129.472635,86.0163615,-104.406193,190.4225545
132.491589,86.0163615,-105.221977,191.2383385
135.580937,86.0163615,-123.09465,209.11101150000002
138.74232,86.0163615,-103.151599,189.1679605
141.977419,86.0163615,-110.488084,196.5044455
145.287951,86.0163615,-106.953986,192.9703475
148.675676,86.0163615,-123.92871,209.94507149999998
152.142393,86.0163615,-105.248987,191.26534850000002
155.689945,86.0163615,-108.739125,194.75548650000002
159.320216,86.0163615,-121.693396,207.70975750000002
163.035136,86.0163615,-107.515734,193.5320955
166.836677,86.0163615,-114.179727,200.1960885
170.72686,86.0163615,-101.25447,187.27083149999999
174.707752,86.0163615,-106.123144,192.13950549999998
178.781468,86.0163615,-107.312549,193.3289105
182.950171,86.0163615,-105.529843,191.5462045
187.216078,86.0163615,-103.578751,189.5951125
191.581454,86.0163615,-102.845017,188.8613785
196.048619,86.0163615,-115.785472,201.8018335
200.619946,86.0163615,-105.113087,191.1294485
205.297864,86.0163615,-104.006579,190.0229405
210.084859,86.0163615,-110.772052,196.7884135
214.983474,86.0163615,-122.573704,208.5900655
219.996311,86.0163615,-113.203188,199.2195495
225.126034,86.0163615,-115.048936,201.06529749999999
230.375368,86.0163615,-107.266479,193.28284050000002
235.747103,86.0163615,-120.637943,206.65430450000002
241.244092,86.0163615,-117.102677,203.1190385
246.869257,86.0163615,-108.565692,194.5820535
252.625585,86.0163615,-103.888988,189.9053495
258.516135,86.0163615,-102.461678,188.47803950000002
264.544037,86.0163615,-106.984768,193.0011295
270.712493,86.0163615,-110.967396,196.9837575
277.024781,86.0163615,-106.346061,192.3624225
283.484255,86.0163615,-116.11026,202.1266215
290.094346,86.0163615,-115.373224,201.3895855
296.858567,86.0163615,-107.029366,193.0457275
303.780512,86.0163615,-115.182873,201.1992345
310.863857,86.0163615,-100.71254,186.7289015
318.112367,86.0163615,-100.603382,186.6197435
325.529893,86.0163615,-106.282005,192.2983665
333.120376,86.0163615,-124.798095,210.8144565
340.887848,86.0163615,-122.142948,208.1593095
348.836437,86.0163615,-132.208012,218.2243735
356.970366,86.0163615,-109.888334,195.9046955
365.293956,86.0163615,-107.494871,193.5112325
373.81163,86.0163615,-107.744218,193.7605795
382.527913,86.0163615,-110.448648,196.4650095
391.447437,86.0163615,-103.316124,189.33248550000002
400.574939,86.0163615,-108.231741,194.24810250000002
409.915271,86.0163615,-103.563623,189.57998450000002
419.473394,86.0163615,-106.782356,192.7987175
429.254387,86.0163615,-111.453828,197.4701895
439.263446,86.0163615,-100.247799,186.2641605
449.50589,86.0163615,-107.607537,193.6238985
459.98716,86.0163615,-111.030556,197.0469175
470.712825,86.0163615,-107.400488,193.4168495
481.688584,86.0163615,-112.179102,198.19546350000002
492.920268,86.0163615,-107.959653,193.97601450000002
504.413844,86.0163615,-104.939124,190.9554855
516.17542,86.0163615,-106.131692,192.1480535
528.211245,86.0163615,-111.658602,197.6749635
540.527712,86.0163615,-135.465218,221.4815795
553.131366,86.0163615,-102.722276,188.73863749999998
566.028904,86.0163615,-119.786208,205.8025695
579.227178,86.0163615,-99.5772212,185.5935827
592.7332,86.0163615,-115.722149,201.73851050000002
606.554146,86.0163615,-120.15333,206.1696915
620.697359,86.0163615,-111.855929,197.87229050000002
635.170355,86.0163615,-121.689219,207.7055805
649.980821,86.0163615,-111.479924,197.4962855
665.136628,86.0163615,-105.877373,191.8937345
680.645828,86.0163615,-125.763151,211.7795125
696.51666,86.0163615,-100.428791,186.4451525
712.757558,86.0163615,-113.949817,199.9661785
729.37715,86.0163615,-119.843279,205.8596405
746.384266,86.0163615,-133.722851,219.7392125
763.787942,86.0163615,-133.991388,220.0077495
781.597425,86.0163615,-118.685214,204.7015755
799.822178,86.0163615,-109.565607,195.58196850000002
818.471882,86.0163615,-128.01112,214.02748150000002
837.556448,86.0163615,-104.916842,190.9332035
857.086015,86.0163615,-101.475651,187.4920125
877.070959,86.0163615,-105.265223,191.2815845
897.521898,86.0163615,-105.211816,191.22817750000002
918.449698,86.0163615,-102.77166,188.7880215
939.865477,86.0163615,-110.954041,196.9704025
961.780616,86.0163615,-104.163081,190.1794425
984.206757,86.0163615,-103.557082,189.5734435
1007.15581,86.0163615,-102.412808,188.4291695
1030.63998,86.0163615,-108.536404,194.55276550000002
1054.67174,86.0163615,-106.136852,192.1532135
1079.26385,86.0163615,-104.863867,190.8802285
1104.42939,86.0163615,-105.379153,191.3955145
1130.18171,86.0163615,-99.9882276,186.0045891
1156.53451,86.0163615,-108.34163,194.3579915
1183.50179,86.0163615,-100.569595,186.5859565
1211.09787,86.0163615,-110.834999,196.8513605
1239.33742,86.0163615,-108.065094,194.0814555
1268.23544,86.0163615,-108.765242,194.78160350000002
1297.80729,86.0163616,-105.027844,191.0442056
1328.06867,86.0163616,-104.08051,190.0968716
1359.03566,86.0163616,-101.908109,187.9244706
1390.72472,86.0163616,-137.146385,223.1627466
1423.15269,86.0163616,-123.943228,209.95958960000002
1456.33679,86.0163616,-104.453539,190.46990060000002
1490.29465,86.0163616,-108.308146,194.3245076
1525.04432,86.0163616,-100.904379,186.9207406
1560.60425,86.0163616,-101.739668,187.75602959999998
1596.99335,86.0163616,-113.678381,199.69474259999998
1634.23095,86.0163616,-107.235909,193.2522706
1672.33682,86.0163616,-110.84848,196.86484159999998
1711.33123,86.0163616,-130.382417,216.3987786
1751.23488,86.0163616,-114.709563,200.72592459999998
1792.06897,86.0163616,-105.27492,191.2912816
1833.8552,86.0163616,-107.861699,193.8780606
1876.61578,86.0163617,-123.965,209.9813617
1920.37342,86.0163617,-105.595422,191.6117837
1965.15137,86.0163617,-108.288873,194.3052347
2010.97342,86.0163617,-109.804553,195.8209147
2057.86392,86.0163617,-105.227036,191.2433977
2105.84778,86.0163617,-99.4851541,185.5015158
2154.95049,86.0163617,-100.036356,186.05271770000002
2205.19815,86.0163617,-116.881325,202.8976867
2256.61745,86.0163617,-101.782014,187.7983757
2309.23571,86.0163618,-114.09757,200.1139318
2363.08088,86.0163618,-101.938955,187.9553168
2418.18158,86.0163618,-110.006293,196.0226548
2474.56708,86.0163618,-110.348036,196.3643978
2532.26734,86.0163618,-114.829986,200.8463478
2591.31301,86.0163618,-114.055046,200.0714078
2651.73547,86.0163619,-107.361657,193.3780189
2713.56682,86.0163619,-108.63268,194.6490419
2776.8399,86.0163619,-119.674765,205.6911269
2841.58835,86.0163619,-106.485295,192.5016569
2907.84656,86.0163619,-100.313962,186.3303239
2975.64973,86.016362,-100.533012,186.549374
3045.03389,86.016362,-111.480667,197.497029
3116.0359,86.016362,-120.964337,206.98069900000002
3188.69349,86.016362,-112.614394,198.63075600000002
3263.04526,86.0163621,-108.125587,194.14194909999998
3339.13071,86.0163621,-104.547471,190.5638331
3416.99027,86.0163621,-116.019039,202.0354011
3496.6653,86.0163621,-104.055931,190.0722931
3578.19814,86.0163622,-112.376858,198.3932202
3661.63211,86.0163622,-121.257953,207.2743152
3747.01154,86.0163622,-101.024398,187.04076020000002
3834.38178,86.0163623,-100.429023,186.4453853
3923.78927,86.0163623,-107.508152,193.5245143
4015.28149,86.0163624,-105.558878,191.5752404
4108.90707,86.0163624,-99.3883777,185.40474010000003
4204.71575,86.0163624,-101.117334,187.13369640000002
4302.75843,86.0163625,-120.186123,206.2024855
4403.0872,86.0163625,-101.36907,187.38543249999998
4505.75536,86.0163626,-114.426841,200.4432036
4610.81748,86.0163627,-97.6732958,183.6896585
4718.32935,86.0163627,-120.017816,206.03417869999998
4828.34812,86.0163628,-105.149108,191.16547079999998
4940.93223,86.0163628,-109.28156,195.29792279999998
5056.1415,86.0163629,-123.370833,209.3871959
5174.03714,86.016363,-138.437708,224.454071
5294.68179,86.016363,-110.895776,196.912139
5418.13954,86.0163631,-113.553471,199.5698341
5544.476,86.0163632,-108.148167,194.1645302
5673.75829,86.0163633,-101.92142,187.93778329999998
5806.05509,86.0163634,-100.240148,186.25651140000002
5941.4367,86.0163634,-127.067963,213.0843264
6079.97505,86.0163635,-106.471015,192.48737849999998
6221.74374,86.0163636,-115.070615,201.0869786
6366.81809,86.0163637,-107.064749,193.0811127
6515.27519,86.0163638,-144.836459,230.85282279999998
6667.1939,86.016364,-111.14963,197.165994
6822.65496,86.0163641,-116.312256,202.32862010000002
6981.74094,86.0163642,-115.389685,201.40604919999998
7144.53639,86.0163643,-111.467371,197.4837353
7311.12779,86.0163645,-106.194841,192.2112055
7481.60365,86.0163646,-102.115196,188.1315606
7656.05455,86.0163647,-116.630089,202.6464537
7834.57318,86.0163649,-111.267347,197.28371190000001
8017.25438,86.0163651,-112.466841,198.48320610000002
8204.19522,86.0163652,-109.670897,195.6872622
8395.49501,86.0163654,-111.660702,197.6770674
8591.25541,86.0163656,-105.840985,191.85735060000002
8791.58041,86.0163658,-124.986919,211.00328480000002
8996.57645,86.016366,-110.210708,196.22707400000002
9206.35245,86.0163662,-114.250724,200.26709019999998
9421.01986,86.0163664,-107.269326,193.28569240000002
9640.69273,86.0163667,-106.322109,192.3384757
9865.48779,86.0163669,-120.39838,206.4147469
10095.5245,86.0163672,-101.915043,187.93141020000002
10330.925,86.0163674,-99.6218049,185.6381723
10571.8144,86.0163677,-116.274275,202.2906427
10818.3207,86.016368,-105.445629,191.461997
11070.5749,86.0163683,-105.811595,191.8279633
11328.711,86.0163686,-104.35021,190.36657860000003
11592.8661,86.016369,-129.609949,215.626318
11863.1806,86.0163693,-122.502851,208.5192203
12139.7981,86.0163697,-116.850499,202.8668687
12422.8656,86.0163701,-106.995943,193.0123131
12712.5334,86.0163705,-116.979314,202.99568449999998
13008.9556,86.0163709,-111.874044,197.8904149
13312.2895,86.0163713,-107.955008,193.97137930000002
13622.6963,86.0163718,-119.27083,205.2872018
13940.341,86.0163723,-114.51274,200.5291123
14265.3923,86.0163728,-99.6448977,185.6612705
14598.0229,86.0163733,-109.833755,195.8501283
14938.4096,86.0163738,-131.130572,217.1469458
15286.7332,86.0163744,-102.048867,188.0652414
15643.1787,86.016375,-113.558478,199.574853
16007.9357,86.0163757,-109.829706,195.8460817
16381.1977,86.0163763,-117.799296,203.81567230000002
16763.1633,86.016377,-99.8835969,185.89997390000002
17154.0352,86.0163777,-105.274328,191.2907057
17554.0212,86.0163785,-107.605213,193.62159150000002
17963.3338,86.0163793,-143.876532,229.89291129999998
18382.1905,86.0163801,-103.063782,189.0801621
18810.8138,86.0163809,-105.431596,191.44797690000001
19249.4315,86.0163818,-112.880365,198.89674680000002
19698.2765,86.0163828,-101.835868,187.8522508
20157.5874,86.0163838,-101.180332,187.1967158
20627.6082,86.0163848,-110.850969,196.8673538
21108.5886,86.0163858,-120.429882,206.4462678
21600.7842,86.016387,-135.887432,221.903819
22104.4565,86.0163881,-128.94834,214.9647281
22619.8731,86.0163893,-106.833304,192.8496933
23147.3077,86.0163906,-105.971354,191.98774459999998
23687.0408,86.0163919,-105.311678,191.3280699
24239.3589,86.0163933,-102.69945,188.71584330000002
24804.5557,86.0163948,-103.591551,189.60794579999998
25382.9313,86.0163963,-119.994388,206.0107843
25974.7931,86.0163978,-106.895051,192.9114488
26580.4555,86.0163995,-113.390825,199.4072245
27200.2403,86.0164012,-105.586907,191.60330820000001
27834.4769,86.016403,-103.738306,189.754709
28483.5021,86.0164048,-120.317007,206.33341180000002
29147.6609,86.0164068,-104.079956,190.0963628
29827.306,86.0164088,-99.2439271,185.26033589999997
30522.7987,86.0164109,-118.176835,204.1932459
31234.5083,86.0164131,-101.035575,187.0519881
31962.8132,86.0164154,-99.5228843,185.53929970000002
32708.1001,86.0164177,-117.164381,203.18079870000003
33470.7652,86.0164202,-105.36071,191.3771302
34251.2135,86.0164228,-109.358656,195.37507879999998
35049.8598,86.0164255,-117.272916,203.28934149999998
35867.1284,86.0164282,-123.431477,209.44790519999998
36703.4535,86.0164311,-118.170657,204.1870881
37559.2794,86.0164341,-107.287503,193.30393709999998
38435.061,86.0164373,-101.950031,187.9664683
39331.2633,86.0164405,-108.760442,194.7768825
40248.3628,86.0164439,-122.464215,208.48065889999998
41186.8465,86.0164474,-102.091595,188.1080424
42147.2131,86.016451,-105.879796,191.89624700000002
43129.9729,86.0164548,-110.259404,196.2758588
44135.648,86.0164587,-101.908918,187.92537670000002
45164.7728,86.0164627,-122.034781,208.0512437
46217.894,86.0164669,-96.5577326,182.5741995
47295.5711,86.0164713,-115.71577,201.7322413
48398.3768,86.0164757,-120.801076,206.8175517
49526.8969,86.0164804,-105.686348,191.7028284
50681.7311,86.0164852,-105.683336,191.6998212
51863.493,86.0164902,-118.054389,204.0708792
53072.8103,86.0164953,-110.700841,196.7173363
54310.3257,86.0165006,-110.367561,196.3840616
55576.6966,86.0165061,-114.41038,200.4268861
56872.5959,86.0165117,-118.847472,204.8639837
58198.7121,86.0165175,-116.277354,202.29387150000002
59555.7497,86.0165235,-125.415082,211.4316055
60944.4299,86.0165297,-109.392612,195.40914170000002
62365.4903,86.016536,-109.269864,195.28640000000001
63819.686,86.0165426,-113.010898,199.02744059999998
65307.7896,86.0165493,-105.788703,191.8052523
66830.5919,86.0165562,-123.46274,209.4792962
68388.9018,86.0165632,-101.983833,188.0003962
69983.5473,86.0165705,-102.585113,188.6016835
71615.3756,86.0165779,-113.567108,199.5836859
73285.2538,86.0165856,-114.499049,200.5156346
74994.0691,86.0165934,-107.592655,193.6092484
76742.7293,86.0166014,-114.86,200.8766014
78532.1636,86.0166096,-100.608892,186.6255016
80363.3228,86.0166179,-107.403095,193.41971289999998
82237.1796,86.0166265,-102.523103,188.53972950000002
84154.7297,86.0166352,-103.795361,189.8119962
86116.992,86.0166441,-110.392846,196.4094901
88125.0089,86.0166532,-103.49581,189.5124632
90179.8474,86.0166624,-105.951869,191.96853140000002
92282.5992,86.0166718,-106.515039,192.53171079999998
94434.3816,86.0166814,-111.657104,197.67378539999999
96636.3377,86.0166912,-98.209971,184.2266622
98889.6375,86.0167011,-106.996931,193.0136321
101195.478,86.0167112,-104.921477,190.9381882
103555.085,86.0167214,-116.238016,202.2547374
105969.711,86.0167318,-102.873443,188.8901748
108440.64,86.0167424,-108.936352,194.9530944
110969.185,86.0167532,-96.0492195,182.0659727
113556.688,86.0167641,-109.39676,195.41352410000002
116204.525,86.0167751,-114.286694,200.3034691
118914.103,86.0167864,-108.674617,194.6914034
121686.86,86.0167978,-99.7667784,185.78357620000003
124524.271,86.0168094,-98.6790396,184.695849
127427.842,86.0168211,-102.356486,188.3733071
130399.117,86.016833,-98.1128229,184.1296559
133439.674,86.0168452,-100.898803,186.91564820000002
136551.129,86.0168575,-103.326792,189.3436495
139735.135,86.01687,-103.929297,189.946167
142993.383,86.0168827,-101.856377,187.8732597
146327.604,86.0168957,-101.896577,187.9134727
149739.571,86.0169089,-106.971365,192.98827390000002
153231.096,86.0169224,-105.866021,191.8829434
156804.033,86.0169361,-99.5580316,185.5749677
160460.282,86.0169501,-104.591033,190.6079831
164201.785,86.0169644,-106.446332,192.4632964
168030.529,86.016979,-103.700411,189.71739000000002
171948.55,86.016994,-102.845834,188.86282799999998
175957.928,86.0170094,-100.079231,186.0962404
180060.795,86.0170251,-100.100827,186.1178521
184259.329,86.0170413,-109.818551,195.8355923
188555.761,86.0170579,-110.464781,196.4818389
192952.375,86.017075,-97.0089079,183.0259829
197451.506,86.0170926,-103.321048,189.3381406
202055.545,86.0171107,-108.589968,194.6070787
206766.938,86.0171295,-112.368798,198.38592749999998
211588.187,86.0171489,-97.459208,183.47635689999998
216521.856,86.0171689,-101.217801,187.2349699
221570.564,86.0171897,-117.364408,203.3815977
226736.994,86.0172112,-100.477903,186.4951142
232023.892,86.0172335,-106.306767,192.3240005
237434.066,86.0172566,-102.774428,188.7916846
242970.39,86.0172807,-102.605157,188.6224377
248635.807,86.0173057,-111.749383,197.76668869999997
254433.326,86.0173317,-117.07393,203.09126170000002
260366.028,86.0173588,-113.14017,199.1575288
266437.065,86.017387,-113.471269,199.488656
272649.661,86.0174164,-104.816971,190.8343874
279007.119,86.0174471,-110.264435,196.28188210000002
285512.816,86.0174791,-110.150258,196.1677371
292170.208,86.0175125,-109.798175,195.8156875
298982.832,86.0175474,-102.371653,188.3892004
305954.309,86.0175838,-112.353462,198.3710458
313088.341,86.0176219,-116.339549,202.3571709
320388.72,86.0176617,-108.30939,194.3270517
327859.325,86.0177033,-106.365761,192.3834643
335504.124,86.0177468,-110.555779,196.5735258
343327.179,86.0177923,-127.524229,213.5420213
351332.646,86.0178399,-113.453656,199.47149589999998
359524.78,86.0178897,-114.163118,200.1810077
367907.932,86.0179419,-112.096914,198.1148559
376486.557,86.0179964,-112.962019,198.9800154
385265.212,86.0180536,-119.604067,205.62212060000002
394248.562,86.0181133,-112.0377,198.0558133
403441.379,86.0181759,-107.586681,193.60485690000002
412848.549,86.0182414,-104.676947,190.6951884
422475.068,86.0183101,-109.578229,195.59653909999997
432326.052,86.0183819,-110.936015,196.9543969
442406.734,86.0184571,-113.918834,199.9372911
452722.471,86.0185359,-110.017428,196.0359639
463278.743,86.0186184,-115.635471,201.65408939999998
474081.159,86.0187048,-114.441212,200.45991679999997
485135.458,86.0187952,-115.541433,201.56022819999998
496447.514,86.0188899,-110.042364,196.0612539
508023.336,86.0189892,-116.700272,202.7192612
519869.076,86.019093,-108.574122,194.593215
531991.026,86.0192019,-120.539268,206.5584699
544395.628,86.0193158,-120.381582,206.4008978
557089.472,86.0194351,-122.485311,208.50474609999998
570079.302,86.0195601,-112.239474,198.2590341
583372.02,86.019691,-116.935631,202.955322
596974.689,86.0198281,-116.148983,202.1688111
610894.535,86.0199716,-114.169014,200.18898560000002
625138.955,86.0201219,-120.79577,206.8158919
639715.516,86.0202794,-111.833359,197.85363840000002
654631.963,86.0204442,-114.76499,200.7854342
669896.222,86.0206169,-126.763255,212.7838719
685516.403,86.0207977,-112.974821,198.99561870000002
701500.804,86.020987,-118.377242,204.39822900000001
717857.919,86.0211853,-125.34662,211.3678053
734596.437,86.021393,-113.982433,200.003826
751725.253,86.0216104,-118.474093,204.4957034
769253.467,86.0218381,-120.557678,206.57951609999998
787190.391,86.0220766,-125.462582,211.4846586
805545.557,86.0223263,-125.531856,211.5541823
824328.715,86.0225877,-111.768195,197.79078270000002
843549.847,86.0228615,-136.261615,222.2844765
863219.164,86.0231483,-116.026039,202.0491873
883347.116,86.0234485,-126.027352,212.05080049999998
903944.398,86.0237629,-133.054479,219.07824189999997
925021.953,86.0240921,-128.189913,214.2140051
946590.98,86.0244368,-127.379122,213.40355879999998
968662.94,86.0247978,-132.72561,218.7504078
991249.557,86.0251758,-125.535651,211.5608268
1014362.83,86.0255716,-121.860085,207.8856566
1038015.05,86.025986,-131.121214,217.1472
1062218.77,86.02642,-128.20215,214.22857
1086986.86,86.0268744,-126.737172,212.76404639999998
1112332.48,86.0273502,-125.104455,211.1318052
1138269.08,86.0278483,-118.578062,204.6059103
1164810.46,86.02837,-120.680473,206.708843
1191970.71,86.0289162,-130.096366,216.1252822
1219764.27,86.0294881,-131.551098,217.5805861
1248205.89,86.0300869,-137.772765,223.8028519
1277310.7,86.0307139,-130.582312,216.6130259
1307094.16,86.0313704,-121.92014,207.95151040000002
1337572.08,86.0320577,-118.58239,204.6144477
1368760.67,86.0327774,-121.80663,207.8394074
1400676.49,86.0335309,-120.09827,206.1318009
1433336.51,86.0343198,-127.87805,213.91236980000002
1466758.06,86.0351458,-121.090438,207.12558380000002
1500958.92,86.0360106,-120.060779,206.0967896
1535957.25,86.036916,-130.390228,216.427144
1571771.65,86.037864,-128.552995,214.59085900000002
1608421.14,86.0388564,-125.129509,211.1683654
1645925.2,86.0398954,-124.8864,210.92629540000001
1684303.76,86.0409832,-127.100016,213.1409992
1723577.2,86.042122,-128.030086,214.07220800000002
1763766.39,86.0433142,-130.989212,217.0325262
1804892.68,86.0445623,-132.018066,218.0626283
1846977.93,86.0458689,-138.636749,224.68261790000003
1890044.5,86.0472367,-143.425977,229.47321369999997
1934115.26,86.0486685,-139.170929,225.21959750000002
1979213.63,86.0501673,-135.963645,222.0138123
2025363.57,86.0517362,-122.491237,208.5429732
2072589.61,86.0533785,-122.507228,208.5606065
2120916.84,86.0550975,-124.28157,210.3366675
2170370.92,86.0568967,-127.42076,213.4776567
2220978.14,86.05878,-129.135665,215.19444499999997
2272765.38,86.060751,-132.327177,218.387928
2325760.17,86.0628139,-137.613429,223.67624289999998
2379990.65,86.0649729,-137.944465,224.00943790000002
2435485.64,86.0672323,-130.636461,216.7036933
2492274.62,86.0695967,-123.735752,209.80534870000002
2550387.77,86.0720709,-126.137742,212.2098129
2609855.96,86.0746599,-130.372319,216.4469789
2670710.79,86.0773688,-141.301202,227.37857079999998
2732984.6,86.080203,-139.040101,225.12030399999998
2796710.46,86.0831683,-128.260472,214.3436403
2861922.23,86.0862703,-123.888655,209.9749253
2928654.57,86.0895153,-132.619146,218.70866130000002
2996942.93,86.0929096,-133.675829,219.7687386
3066823.59,86.0964596,-126.733163,212.8296226
3138333.68,86.1001723,-122.288089,208.3882613
3211511.19,86.1040548,-119.189625,205.2936798
3286395.0,86.1081143,-126.319022,212.4271363
3363024.91,86.1123585,-121.758138,207.8704965
3441441.61,86.1167953,-117.965351,204.0821463
3521686.79,86.1214327,-115.405828,201.5272607
3603803.07,86.1262792,-118.262994,204.3892732
3687834.07,86.1313434,-115.338101,201.4694444
3773824.46,86.1366341,-112.92888,199.0655141
3861819.91,86.1421606,-110.781924,196.92408460000001
3951867.18,86.147932,-110.380017,196.52794899999998
4044014.1,86.1539581,-108.521364,194.67532210000002
4138309.65,86.1602483,-106.883322,193.0435703
4234803.92,86.1668128,-106.227296,192.3941088
4333548.17,86.1736613,-105.471508,191.64516930000002
4434594.87,86.180804,-103.991194,190.17199799999997
4537997.71,86.188251,-102.621113,188.809364
4643811.63,86.1960121,-102.355301,188.55131310000002
4752092.84,86.2040973,-101.000985,187.20508230000002
4862898.88,86.2125163,-101.363211,187.5757273
4976288.62,86.2212783,-99.2084567,185.429735
5092322.31,86.2303923,-99.2397676,185.4701599
5211061.59,86.2398665,-97.3201155,183.559982
5332569.55,86.2497084,-96.8387271,183.0884355
5456910.74,86.2599244,-95.1535903,181.4135147
5584151.25,86.2705198,-94.3842986,180.6548184
5714358.65,86.2814984,-93.8970535,180.1785519
5847602.15,86.292862,-92.3926271,178.68548909999998
5983952.52,86.3046103,-91.5302825,177.83489279999998
6123482.22,86.3167404,-90.6324676,176.949208
6266265.38,86.3292458,-89.7044306,176.0336764
6412377.86,86.3421168,-88.7646643,175.1067811
6561897.29,86.3553388,-87.7949681,174.1503069
6714903.1,86.3688921,-86.8194179,173.18831
6871476.61,86.3827507,-85.9620257,172.3447764
7031700.99,86.3968814,-84.9049865,171.3018679
7195661.37,86.4112424,-83.852355,170.2635974
7363444.86,86.4257821,-82.8499234,169.27570550000002
7535140.62,86.4404372,-81.8454796,168.2859168
7710839.86,86.4551311,-80.8391959,167.294327
7890635.93,86.4697714,-79.7987268,166.2684982
8074624.37,86.4842478,-78.873614,165.35786180000002
8262902.92,86.4984292,-77.8836774,164.3821066
8455571.62,86.5121602,-76.8672489,163.3794091
8652732.84,86.5252579,-75.870787,162.3960449
8854491.33,86.5375073,-74.8536043,161.3911116
9060954.28,86.5486571,-73.8413817,160.3900388
9272231.4,86.5584141,-72.8543798,159.4127939
9488434.93,86.5664377,-71.8644194,158.4308571
9709679.74,86.5723331,-70.903843,157.47617609999998
9936083.39,86.5756443,-69.8965559,156.47220019999997
10167766.2,86.5758463,-68.8833057,155.459152
10404851.2,86.572337,-67.8788962,154.4512332
10647464.3,86.5644278,-66.8827412,153.447169
10895734.6,86.551335,-65.9003375,152.4516725
11149793.9,86.5321698,-64.9101882,151.442358
11409777.1,86.5059296,-63.9153905,150.4213201
11675822.5,86.4714891,-62.9317598,149.4032489
11948071.3,86.4275929,-61.9488599,148.37645279999998
12226668.2,86.3728498,-60.9604237,147.3332735
12511761.3,86.3057295,-59.988453,146.2941825
12803502.0,86.2245631,-59.0104326,145.2349957
13102045.2,86.1275478,-58.0414421,144.16898989999999
13407549.7,86.0127564,-57.0739473,143.0867037
13720177.8,85.8781539,-56.1186848,141.9968387
14040095.5,85.7216199,-55.1609384,140.8825583
14367472.8,85.5409784,-54.2233903,139.7643687
14702483.7,85.3340336,-53.2810289,138.6150625
15045306.1,85.0986117,-52.3557762,137.4543879
15396122.2,84.8326064,-51.4388992,136.2715056
15755118.4,84.5340269,-50.5343488,135.0683757
16122485.5,84.2010442,-49.643088,133.8441322
16498418.5,83.832035,-48.7644604,132.5964954
16883117.3,83.4256194,-47.9003481,131.3259675
17276786.3,82.9806908,-47.0564918,130.0371826
17679634.5,82.4964374,-46.2265554,128.72299280000001
18091876.1,81.9723533,-45.4194166,127.39176989999999
18513730.1,81.4082422,-44.6335079,126.0417501
18945420.5,80.8042118,-43.8677377,124.67194950000001
19387176.9,80.1606628,-43.1255074,123.28617019999999
19839233.7,79.4782719,-42.4067094,121.88498129999999
20301831.4,78.757971,-41.7132126,120.47118359999999
20775215.6,78.0009238,-41.0448236,119.0457474
21259637.8,77.2084984,-40.4017105,117.6102089
21755355.4,76.3822391,-39.7851871,116.16742620000001
22262631.9,75.5238361,-39.1950284,114.7188645
22781736.7,74.6350932,-38.6300174,113.2651106
23312945.6,73.7178955,-38.091638,111.8095335
23856540.8,72.7741779,-37.5784305,110.35260840000001
24412811.3,71.8058931,-37.0901877,108.89608080000001
24982052.5,70.8149835,-36.6268948,107.4418783
25564566.8,69.8033546,-36.1873459,105.9907005
26160663.9,68.7728528,-35.7715878,104.5444406
26770660.3,67.7252467,-35.3789653,103.10421199999999
27394880.2,66.6622127,-35.0088593,101.671072
28033655.2,65.585325,-34.6610236,100.2463486
28687324.7,64.4960488,-34.3350778,98.8311266
29356236.1,63.3957372,-34.0305905,97.4263277
30040744.7,62.2856312,-33.7473613,96.0329925
30741214.2,61.1668618,-33.4852223,94.6520841
31458016.7,60.0404538,-33.2439575,93.2844113
32191533.1,58.9073317,-33.0234859,91.9308176
32942153.2,57.7683256,-32.8237292,90.5920548
33710275.8,56.6241782,-32.6446024,89.2687806
34496308.8,55.4755521,-32.4861013,87.9616534
35300670.1,54.3230369,-32.3481713,86.6712082
36123786.9,53.167156,-32.2307466,85.39790260000001
36966096.6,52.0083737,-32.133773,84.1421467
37828046.7,50.8471014,-32.0571405,82.9042419
38710095.1,49.6837032,-32.0007284,81.6844316
39612710.6,48.5185018,-31.9643681,80.4828699
40536372.6,47.3517832,-31.9478447,79.2996279
41481571.9,46.1838014,-31.9508695,78.1346709
42448810.7,45.0147822,-31.9731471,76.98792929999999
43438603.0,43.844927,-32.0143002,75.85922719999999
44451474.5,42.6744162,-32.0739143,74.74833050000001
45487963.5,41.5034117,-32.1515132,73.6549249
46548620.6,40.3320598,-32.2465958,72.5786556
47634009.4,39.1604934,-32.3586033,71.5190967
48744706.6,37.988834,-32.4869502,70.47578419999999
49881302.2,36.8171932,-32.6310189,69.4482121
51044400.2,35.6456748,-32.7901709,68.4358457
52234618.5,34.4743754,-32.9637425,67.43811790000001
53452589.5,33.3033864,-33.1510601,66.4544465
54698960.3,32.1327945,-33.3514481,65.4842426
55974393.2,30.9626826,-33.5642255,64.5269081
57279565.7,29.7931312,-33.7887135,63.581844700000005
58615171.3,28.6242183,-34.0242424,62.6484607
59981919.6,27.4560207,-34.2701545,61.7261752
61380536.9,26.288614,-34.5258085,60.81442249999999
62811766.1,25.1220734,-34.7905802,59.9126536
64276367.8,23.9564741,-35.0638676,59.0203417
65775120.1,22.7918917,-35.3450897,58.1369814
67308819.2,21.6284023,-35.6336901,57.2620924
68878280.1,20.466083,-35.9291393,56.3952223
70484336.5,19.3050119,-36.2309317,55.535943599999996
72127841.9,18.1452688,-36.5385904,54.6838592
73809669.5,16.9869348,-36.8516627,53.8385975
75530712.7,15.830093,-37.1697233,52.9998163
77291886.1,14.6748282,-37.4923731,52.1672013
79094125.2,13.5212272,-37.8192378,51.340465
80938387.8,12.3693792,-38.149968,50.5193472
82825653.6,11.2193752,-38.4842382,49.7036134
84756925.4,10.0713088,-38.8217454,48.893054199999995
86733229.2,8.92527551,-39.1622096,48.087485109999996
88755615.1,7.78137351,-39.5053715,47.286745010000004
90825157.7,6.63970308,-39.8509916,46.490694680000004
92942956.4,5.50036686,-40.1988508,45.69921766
95110136.5,4.3634697,-40.5487469,44.912216599999994
97327849.4,3.22911865,-40.9004958,44.129614450000005
99597273.4,2.09742285,-41.2539296,43.35135245
101919614.0,0.968493435,-41.6088961,42.577389535
104296106.0,-0.157556621,-41.9652576,41.807700979
106728011.0,-1.28061264,-42.32289,41.04227736
109216622.0,-2.40055843,-42.6816825,40.281124070000004
111763260.0,-3.51727652,-43.0415366,39.52426008
114369279.0,-4.63064836,-43.402365,38.77171664
117036063.0,-5.74055462,-43.7640913,38.02353668
119765030.0,-6.84687547,-44.1266491,37.27977363
122557629.0,-7.94949091,-44.4899817,36.54049079
125415343.0,-9.04828115,-44.8540407,35.80575955
128339692.0,-10.1431269,-45.2187862,35.0756593
131332229.0,-11.23391,-45.5841854,34.3502754
134394544.0,-12.3205135,-45.9502127,33.629699200000005
137528264.0,-13.4028225,-46.3168486,32.9140261
140735053.0,-14.4807243,-46.6840794,32.2033551
144016617.0,-15.5541093,-47.0518963,31.497787000000002
147374698.0,-16.6228711,-47.420295,30.797423900000002
150811080.0,-17.6869074,-47.7892753,30.1023679
154327589.0,-18.7461202,-48.1588403,29.4127201
157926094.0,-19.8004168,-48.5289957,28.728578900000002
161608506.0,-20.8497099,-48.8997496,28.0500397
165376782.0,-21.8939187,-49.2711116,27.377192899999997
169232925.0,-22.9329688,-49.6430926,26.7101238
173178982.0,-23.9667936,-50.0157038,26.048910199999998
177217051.0,-24.9953338,-50.3889567,25.3936229
181349276.0,-26.0185388,-50.7628622,24.7443234
185577854.0,-27.0363669,-51.1374302,24.101063299999996
189905031.0,-28.0487856,-51.512669,23.463883400000004
194333107.0,-29.055772,-51.8885851,22.8328131
198864433.0,-30.0573134,-52.2651824,22.207869
203501417.0,-31.0534075,-52.6424617,21.5890542
208246524.0,-32.0440624,-53.0204207,20.9763583
213102273.0,-33.0292971,-53.399053,20.3697559
218071246.0,-34.0091416,-53.7783478,19.7692062
223156082.0,-34.9836366,-54.1582895,19.174652900000005
228359482.0,-35.9528337,-54.5388571,18.586023400000002
233684212.0,-36.9167949,-54.9200238,18.003228900000003
239133100.0,-37.875593,-55.3017563,17.4261633
244709041.0,-38.8293106,-55.6840144,16.854703800000003
250414999.0,-39.7780398,-56.06675,16.288710199999997
256254004.0,-40.7218817,-56.4499071,15.7280254
262229159.0,-41.6609457,-56.8334203,15.172474600000001
268343639.0,-42.5953486,-57.2172144,14.621865800000002
274600692.0,-43.5252135,-57.6012037,14.0759902
281003642.0,-44.450669,-57.9852902,13.534621200000004
287555892.0,-45.3718476,-58.3693636,12.997515999999997
294260923.0,-46.2888848,-58.7532989,12.464414099999999
301122298.0,-47.2019169,-59.1369561,11.935039199999999
308143661.0,-48.1110795,-59.5201777,11.409098199999995
315328743.0,-49.0165057,-59.9027877,10.886281999999994
322681363.0,-49.9183238,-60.2845893,10.366265499999997
330205425.0,-50.8166548,-60.6653631,9.848708299999998
337904929.0,-51.71161,-61.0448643,9.3332543
345783964.0,-52.6032877,-61.4228206,8.819532899999999
353846717.0,-53.4917703,-61.7989287,8.307158399999999
362097472.0,-54.3771201,-62.1728517,7.795731600000003
370540613.0,-55.259376,-62.544215,7.284838999999998
379180625.0,-56.138548,-62.9126026,6.7740545999999995
388022098.0,-57.0146128,-63.2775522,6.2629394000000005
397069731.0,-57.8875075,-63.638551,5.7510435000000015
406328331.0,-58.7571232,-63.9950294,5.237906199999998
415802816.0,-59.6232972,-64.3463553,4.723058099999996
425498221.0,-60.4858045,-64.6918268,4.206022300000001
435419697.0,-61.3443474,-65.030665,3.6863176000000024
445572515.0,-62.1985443,-65.3620051,3.163460800000003
455962069.0,-63.0479155,-65.6848868,2.636971299999999
466593880.0,-63.8918671,-65.9982432,2.1063761000000056
477473595.0,-64.7296723,-66.300889,1.5712166999999937
488606997.0,-65.5604483,-66.5915065,1.0310581999999897
500000000.0,-66.3831293,-66.8686302,0.48550090000000523
