Frequency_Hz,Gain_dB,Phase_deg
1.0,86.0163615,8.42647495e-08
1.02331731,86.0163615,8.62295777e-08
1.04717833,86.0163615,8.82402176e-08
1.07159571,86.0163615,9.02977444e-08
1.09658244,86.0163615,9.24032357e-08
1.1221518,86.0163615,9.45578244e-08
1.14831737,86.0163615,9.67626658e-08
1.17509304,86.0163615,9.90189028e-08
1.20249306,86.0163615,1.01327768e-07
1.23053197,86.0163615,1.03690479e-07
1.25922467,86.0163615,1.06108242e-07
1.2885864,86.0163615,1.08582408e-07
1.31863278,86.0163615,1.11114254e-07
1.34937975,86.0163615,1.13705141e-07
1.38084366,86.0163615,1.16356428e-07
1.41304123,86.0163615,1.19069565e-07
1.44598955,86.0163615,1.21845931e-07
1.47970615,86.0163615,1.24687053e-07
1.51420892,86.0163615,1.27594434e-07
1.5495162,86.0163615,1.30569587e-07
1.58564676,86.0163615,1.33614105e-07
1.62261978,86.0163615,1.3672963e-07
1.66045492,86.0163615,1.39917809e-07
1.69917227,86.0163615,1.43180333e-07
1.7387924,86.0163615,1.46518909e-07
1.77933637,86.0163615,1.4993533e-07
1.82082571,86.0163615,1.53431419e-07
1.86328248,86.0163615,1.5700904e-07
1.90672922,86.0163615,1.60670043e-07
1.95118902,86.0163615,1.64416448e-07
1.99668551,86.0163615,1.68250189e-07
2.04324285,86.0163615,1.72173337e-07
2.09088579,86.0163615,1.76187958e-07
2.13963963,86.0163615,1.80296196e-07
2.18953028,86.0163615,1.84500218e-07
2.24058424,86.0163615,1.88802265e-07
2.29282865,86.0163615,1.93204644e-07
2.34629126,86.0163615,1.9770962e-07
2.40100046,86.0163615,2.02319669e-07
2.45698535,86.0163615,2.07037255e-07
2.51427565,86.0163615,2.11864779e-07
2.5729018,86.0163615,2.16804905e-07
2.63289496,86.0163615,2.21860219e-07
2.694287,86.0163615,2.27033447e-07
2.75711053,86.0163615,2.32327202e-07
2.82139895,86.0163615,2.37744489e-07
2.88718639,86.0163615,2.43288028e-07
2.95450782,86.0163615,2.48960866e-07
3.02339901,86.0163615,2.54765901e-07
3.09389655,86.0163615,2.60706416e-07
3.16603791,86.0163615,2.66785363e-07
3.23986141,86.0163615,2.73006123e-07
3.31540628,86.0163615,2.79371853e-07
3.39271264,86.0163615,2.85886048e-07
3.47182159,86.0163615,2.92552134e-07
3.55277514,86.0163615,2.99373648e-07
3.63561632,86.0163615,3.06354273e-07
3.72038912,86.0163615,3.13497625e-07
3.80713861,86.0163615,3.20807549e-07
3.89591085,86.0163615,3.28287937e-07
3.98675303,86.0163615,3.35942695e-07
4.0797134,86.0163615,3.43775961e-07
4.17484136,86.0163615,3.51791953e-07
4.27218745,86.0163615,3.59994795e-07
4.37180338,86.0163615,3.68388883e-07
4.47374209,86.0163615,3.76978791e-07
4.57805774,86.0163615,3.85768825e-07
4.68480575,86.0163615,3.94764014e-07
4.79404284,86.0163615,4.03968709e-07
4.90582704,86.0163615,4.13388234e-07
5.02021775,86.0163615,4.23027413e-07
5.13727574,86.0163615,4.32891199e-07
5.25706322,86.0163615,4.42985095e-07
5.37964381,86.0163615,4.5331427e-07
5.50508265,86.0163615,4.63884375e-07
5.63344639,86.0163615,4.74700895e-07
5.76480323,86.0163615,4.85769674e-07
5.89922296,86.0163615,4.97096534e-07
6.03677699,86.0163615,5.08687483e-07
6.17753842,86.0163615,5.20548644e-07
6.32158202,86.0163615,5.32686499e-07
6.46898433,86.0163615,5.45107379e-07
6.61982367,86.0163615,5.57817731e-07
6.77418018,86.0163615,5.70824598e-07
6.93213587,86.0163615,5.84134673e-07
7.09377465,86.0163615,5.97755176e-07
7.25918242,86.0163615,6.11693122e-07
7.42844706,86.0163615,6.25956171e-07
7.60165849,86.0163615,6.40551751e-07
7.77890875,86.0163615,6.55487693e-07
7.96029201,86.0163615,6.70771987e-07
8.14590464,86.0163615,6.86412634e-07
8.33584525,86.0163615,7.02417907e-07
8.53021477,86.0163615,7.18796471e-07
8.72911647,86.0163615,7.3555681e-07
8.93265602,86.0163615,7.52708016e-07
9.14094156,86.0163615,7.70259118e-07
9.35408377,86.0163615,7.88219461e-07
9.57219588,86.0163615,8.06598649e-07
9.79539377,86.0163615,8.25406354e-07
10.023796,86.0163615,8.44652645e-07
10.257524,86.0163615,8.64347619e-07
10.496702,86.0163615,8.84501958e-07
10.7414568,86.0163615,9.05126024e-07
10.9919188,86.0163615,9.26231265e-07
11.2482208,86.0163615,9.47828515e-07
11.5104991,86.0163615,9.69929308e-07
11.778893,86.0163615,9.92545406e-07
12.0535452,86.0163615,1.01568881e-06
12.3346015,86.0163615,1.03937197e-06
12.6222112,86.0163615,1.06360742e-06
12.9165273,86.0163615,1.08840798e-06
13.217706,86.0163615,1.11378645e-06
13.5259074,86.0163615,1.13975708e-06
13.8412952,86.0163615,1.16633326e-06
14.1640371,86.0163615,1.193529e-06
14.4943044,86.0163615,1.22135882e-06
14.8322726,86.0163615,1.24983765e-06
15.1781214,86.0163615,1.2789804e-06
15.5320344,86.0163615,1.30880296e-06
15.8941997,86.0163615,1.33932051e-06
16.2648098,86.0163615,1.37054991e-06
16.6440614,86.0163615,1.4025075e-06
17.0321562,86.0163615,1.43521055e-06
17.4293004,86.0163615,1.46867567e-06
17.8357048,86.0163615,1.50292083e-06
18.2515856,86.0163615,1.53796508e-06
18.6771635,86.0163615,1.5738263e-06
19.1126648,86.0163615,1.61052372e-06
19.5583208,86.0163615,1.64807702e-06
20.0143683,86.0163615,1.68650585e-06
20.4810496,86.0163615,1.72583041e-06
20.9586127,86.0163615,1.76607204e-06
21.4473113,86.0163615,1.80725224e-06
21.9474049,86.0163615,1.84939267e-06
22.4591595,86.0163615,1.8925155e-06
22.9828467,86.0163615,1.93664379e-06
23.518745,86.0163615,1.98180137e-06
24.067139,86.0163615,2.02801133e-06
24.62832,86.0163615,2.07529913e-06
25.2025863,86.0163615,2.12368964e-06
25.7902429,86.0163615,2.17320828e-06
26.3916021,86.0163615,2.22388156e-06
27.0069833,86.0163615,2.27573652e-06
27.6367137,86.0163615,2.32880039e-06
28.2811276,86.0163615,2.38310197e-06
28.9405675,86.0163615,2.4386696e-06
29.6153838,86.0163615,2.49553251e-06
30.305935,86.0163615,2.55372192e-06
31.012588,86.0163615,2.61326765e-06
31.7357183,86.0163615,2.67420211e-06
32.47571,86.0163615,2.7365573e-06
33.2329563,86.0163615,2.80036645e-06
34.0078596,86.0163615,2.86566347e-06
34.8008315,86.0163615,2.93248343e-06
35.6122934,86.0163615,3.0008612e-06
36.4426765,86.0163615,3.07083288e-06
37.2924218,86.0163615,3.14243642e-06
38.1619809,86.0163615,3.21570916e-06
39.0518158,86.0163615,3.2906914e-06
39.9623992,86.0163615,3.36742057e-06
40.8942151,86.0163615,3.44594055e-06
41.8477583,86.0163615,3.52629037e-06
42.8235356,86.0163615,3.6085137e-06
43.8220655,86.0163615,3.69265492e-06
44.8438783,86.0163615,3.77875812e-06
45.8895171,86.0163615,3.86686855e-06
46.9595374,86.0163615,3.9570328e-06
48.0545077,86.0163615,4.04930077e-06
49.1750097,86.0163615,4.14371883e-06
50.3216388,86.0163615,4.24033939e-06
51.4950043,86.0163615,4.33921278e-06
52.6957295,86.0163615,4.44039167e-06
53.9244523,86.0163615,4.54392973e-06
55.1818257,86.0163615,4.64988224e-06
56.4685177,86.0163615,4.75830445e-06
57.7852118,86.0163615,4.86925569e-06
59.1326078,86.0163615,4.98279376e-06
60.5114213,86.0163615,5.09897899e-06
61.9223852,86.0163615,5.21787299e-06
63.3662489,86.0163615,5.33953981e-06
64.8437796,86.0163615,5.46404388e-06
66.3557623,86.0163615,5.5914503e-06
67.9030005,86.0163615,5.72182836e-06
69.4863161,86.0163615,5.85524524e-06
71.1065503,86.0163615,5.99177423e-06
72.7645641,86.0163615,6.13148662e-06
74.4612383,86.0163615,6.27445625e-06
76.1974743,86.0163615,6.420758e-06
77.9741948,86.0163615,6.5704743e-06
79.7923435,86.0163615,6.72367955e-06
81.6528867,86.0163615,6.88045773e-06
83.5568127,86.0163615,7.04089135e-06
85.5051331,86.0163615,7.20506654e-06
87.4988831,86.0163615,7.37306987e-06
89.5391221,86.0163615,7.5449895e-06
91.6269339,86.0163615,7.72091851e-06
93.7634279,86.0163615,7.90094847e-06
95.9497392,86.0163615,8.08517765e-06
98.1870294,86.0163615,8.27370253e-06
100.476487,86.0163615,8.46662276e-06
102.819329,86.0163615,8.66404174e-06
105.2168,86.0163615,8.86606355e-06
107.670173,86.0163615,9.07279679e-06
110.180752,86.0163615,9.28434921e-06
112.749871,86.0163615,9.50083492e-06
115.378895,86.0163615,9.72236954e-06
118.069221,86.0163615,9.94906838e-06
120.822278,86.0163615,1.01810548e-05
123.639529,86.0163615,1.04184489e-05
126.522471,86.0163615,1.06613782e-05
129.472635,86.0163615,1.09099711e-05
132.491589,86.0163615,1.11643634e-05
135.580937,86.0163615,1.14246872e-05
138.74232,86.0163615,1.16910781e-05
141.977419,86.0163615,1.1963684e-05
145.287951,86.0163615,1.22426428e-05
148.675676,86.0163615,1.25281081e-05
152.142393,86.0163615,1.28202302e-05
155.689945,86.0163615,1.31191644e-05
159.320216,86.0163615,1.34250675e-05
163.035136,86.0163615,1.37381035e-05
166.836677,86.0163615,1.40584354e-05
170.72686,86.0163615,1.43862399e-05
174.707752,86.0163615,1.47216889e-05
178.781468,86.0163615,1.50649571e-05
182.950171,86.0163615,1.54162315e-05
187.216078,86.0163615,1.57756956e-05
191.581454,86.0163615,1.61435414e-05
196.048619,86.0163615,1.65199651e-05
200.619946,86.0163615,1.69051646e-05
205.297864,86.0163615,1.72993472e-05
210.084859,86.0163615,1.77027227e-05
214.983474,86.0163615,1.81154997e-05
219.996311,86.0163615,1.85379026e-05
225.126034,86.0163615,1.89701557e-05
230.375368,86.0163615,1.94124891e-05
235.747103,86.0163615,1.98651331e-05
241.244092,86.0163615,2.03283308e-05
246.869257,86.0163615,2.0802334e-05
252.625585,86.0163615,2.12873832e-05
258.516135,86.0163615,2.1783744e-05
264.544037,86.0163615,2.22916843e-05
270.712493,86.0163615,2.2811459e-05
277.024781,86.0163615,2.33433639e-05
283.484255,86.0163615,2.3887663e-05
290.094346,86.0163615,2.4444658e-05
296.858567,86.0163615,2.50146329e-05
303.780512,86.0163615,2.55979077e-05
310.863857,86.0163615,2.6194777e-05
318.112367,86.0163615,2.68055647e-05
325.529893,86.0163615,2.74305942e-05
333.120376,86.0163615,2.80701972e-05
340.887848,86.0163615,2.87247141e-05
348.836437,86.0163615,2.93944893e-05
356.970366,86.0163615,3.00798899e-05
365.293956,86.0163615,3.07812603e-05
373.81163,86.0163615,3.14989923e-05
382.527913,86.0163615,3.22334561e-05
391.447437,86.0163615,3.2985049e-05
400.574939,86.0163615,3.37541661e-05
409.915271,86.0163615,3.45412074e-05
419.473394,86.0163615,3.53466058e-05
429.254387,86.0163615,3.61707863e-05
439.263446,86.0163615,3.70141767e-05
449.50589,86.0163615,3.78772392e-05
459.98716,86.0163615,3.87604248e-05
470.712825,86.0163615,3.96641968e-05
481.688584,86.0163615,4.05890469e-05
492.920268,86.0163615,4.15354549e-05
504.413844,86.0163615,4.25039415e-05
516.17542,86.0163615,4.34949986e-05
528.211245,86.0163615,4.45091686e-05
540.527712,86.0163615,4.55469801e-05
553.131366,86.0163615,4.66089839e-05
566.028904,86.0163615,4.76957615e-05
579.227178,86.0163615,4.88078827e-05
592.7332,86.0163615,4.99459245e-05
606.554146,86.0163615,5.11104903e-05
620.697359,86.0163615,5.23022218e-05
635.170355,86.0163615,5.35217414e-05
649.980821,86.0163615,5.47696955e-05
665.136628,86.0163615,5.60467363e-05
680.645828,86.0163615,5.73535548e-05
696.51666,86.0163615,5.86908304e-05
712.757558,86.0163615,6.00592974e-05
729.37715,86.0163615,6.14596776e-05
746.384266,86.0163615,6.28927079e-05
763.787942,86.0163615,6.43591233e-05
781.597425,86.0163615,6.5859752e-05
799.822178,86.0163615,6.73953589e-05
818.471882,86.0163615,6.89667666e-05
837.556448,86.0163615,7.05748039e-05
857.086015,86.0163615,7.22203464e-05
877.070959,86.0163615,7.39042464e-05
897.521898,86.0163615,7.56273903e-05
918.449698,86.0163615,7.73907217e-05
939.865477,86.0163615,7.91951652e-05
961.780616,86.0163615,8.10416792e-05
984.206757,86.0163615,8.29312321e-05
1007.15581,86.0163615,8.48648307e-05
1030.63998,86.0163615,8.68435028e-05
1054.67174,86.0163615,8.88683081e-05
1079.26385,86.0163615,9.09403197e-05
1104.42939,86.0163615,9.30606298e-05
1130.18171,86.0163615,9.52303762e-05
1156.53451,86.0163615,9.74506956e-05
1183.50179,86.0163615,9.9722751e-05
1211.09787,86.0163615,0.000102047807
1239.33742,86.0163615,0.000104427012
1268.23544,86.0163615,0.000106861727
1297.80729,86.0163616,0.000109353188
1328.06867,86.0163616,0.000111902713
1359.03566,86.0163616,0.000114511636
1390.72472,86.0163616,0.000117181427
1423.15269,86.0163616,0.000119913417
1456.33679,86.0163616,0.000122709067
1490.29465,86.0163616,0.000125569887
1525.04432,86.0163616,0.000128497392
1560.60425,86.0163616,0.000131493129
1596.99335,86.0163616,0.000134558642
1634.23095,86.0163616,0.000137695628
1672.33682,86.0163616,0.000140905748
1711.33123,86.0163616,0.00014419065
1751.23488,86.0163616,0.000147552096
1792.06897,86.0163616,0.000150991887
1833.8552,86.0163616,0.000154511799
1876.61578,86.0163617,0.0001581138
1920.37342,86.0163617,0.000161799662
1965.15137,86.0163617,0.00016557138
2010.97342,86.0163617,0.000169431067
2057.86392,86.0163617,0.000173380605
2105.84778,86.0163617,0.00017742219
2154.95049,86.0163617,0.000181557883
2205.19815,86.0163617,0.000185789991
2256.61745,86.0163617,0.000190120634
2309.23571,86.0163618,0.000194552161
2363.08088,86.0163618,0.000199086886
2418.18158,86.0163618,0.000203727245
2474.56708,86.0163618,0.000208475711
2532.26734,86.0163618,0.000213334709
2591.31301,86.0163618,0.000218306896
2651.73547,86.0163619,0.000223394822
2713.56682,86.0163619,0.000228601255
2776.8399,86.0163619,0.000233928872
2841.58835,86.0163619,0.000239380533
2907.84656,86.0163619,0.000244959086
2975.64973,86.016362,0.000250667532
3045.03389,86.016362,0.000256508791
3116.0359,86.016362,0.000262486036
3188.69349,86.016362,0.000268602303
3263.04526,86.0163621,0.000274860931
3339.13071,86.0163621,0.000281265252
3416.99027,86.0163621,0.000287818481
3496.6653,86.0163621,0.000294524153
3578.19814,86.0163622,0.000301385812
3661.63211,86.0163622,0.000308407029
3747.01154,86.0163622,0.000315591598
3834.38178,86.0163623,0.000322943121
3923.78927,86.0163623,0.00033046555
4015.28149,86.0163624,0.000338162838
4108.90707,86.0163624,0.000346039046
4204.71575,86.0163624,0.000354098236
4302.75843,86.0163625,0.000362344764
4403.0872,86.0163625,0.000370782728
4505.75536,86.0163626,0.000379416666
4610.81748,86.0163627,0.000388251151
4718.32935,86.0163627,0.000397290703
4828.34812,86.0163628,0.000406540078
4940.93223,86.0163628,0.000416004109
5056.1415,86.0163629,0.000425687678
5174.03714,86.016363,0.000435595897
5294.68179,86.016363,0.000445733958
5418.13954,86.0163631,0.00045610695
5544.476,86.0163632,0.000466720354
5673.75829,86.0163633,0.000477579725
5806.05509,86.0163634,0.000488690626
5941.4367,86.0163634,0.000500058885
6079.97505,86.0163635,0.000511690325
6221.74374,86.0163636,0.000523590891
6366.81809,86.0163637,0.000535766756
6515.27519,86.0163638,0.00054822425
6667.1939,86.016364,0.000560969616
6822.65496,86.0163641,0.000574009489
6981.74094,86.0163642,0.000587350687
7144.53639,86.0163643,0.000600999758
7311.12779,86.0163645,0.000614963744
7481.60365,86.0163646,0.000629249732
7656.05455,86.0163647,0.000643865119
7834.57318,86.0163649,0.000658817323
8017.25438,86.0163651,0.000674113807
8204.19522,86.0163652,0.000689762207
8395.49501,86.0163654,0.000705770736
8591.25541,86.0163656,0.000722146926
8791.58041,86.0163658,0.000738899452
8996.57645,86.016366,0.000756036418
9206.35245,86.0163662,0.000773566317
9421.01986,86.0163664,0.000791497971
9640.69273,86.0163667,0.000809840478
9865.48779,86.0163669,0.00082860234
10095.5245,86.0163672,0.000847793389
10330.925,86.0163674,0.000867422609
10571.8144,86.0163677,0.000887499579
10818.3207,86.016368,0.000908034263
11070.5749,86.0163683,0.000929036158
11328.711,86.0163686,0.000950516183
11592.8661,86.016369,0.000972483919
11863.1806,86.0163693,0.00099495011
12139.7981,86.0163697,0.00101792506
12422.8656,86.0163701,0.00104142033
12712.5334,86.0163705,0.00106544633
13008.9556,86.0163709,0.00109001423
13312.2895,86.0163713,0.00111513596
13622.6963,86.0163718,0.00114082263
13940.341,86.0163723,0.00116708605
14265.3923,86.0163728,0.00119393813
14598.0229,86.0163733,0.00122139114
14938.4096,86.0163738,0.00124945705
15286.7332,86.0163744,0.00127814853
15643.1787,86.016375,0.00130747784
16007.9357,86.0163757,0.00133745811
16381.1977,86.0163763,0.001368102
16763.1633,86.016377,0.00139942294
17154.0352,86.0163777,0.00143143374
17554.0212,86.0163785,0.00146414753
17963.3338,86.0163793,0.0014975784
18382.1905,86.0163801,0.00153173944
18810.8138,86.0163809,0.00156664489
19249.4315,86.0163818,0.00160230784
19698.2765,86.0163828,0.00163874303
20157.5874,86.0163838,0.00167596376
20627.6082,86.0163848,0.00171398406
21108.5886,86.0163858,0.00175281865
21600.7842,86.016387,0.00179248115
22104.4565,86.0163881,0.00183298593
22619.8731,86.0163893,0.00187434746
23147.3077,86.0163906,0.00191657919
23687.0408,86.0163919,0.00195969629
24239.3589,86.0163933,0.00200371202
24804.5557,86.0163948,0.00204864061
25382.9313,86.0163963,0.00209449664
25974.7931,86.0163978,0.00214129318
26580.4555,86.0163995,0.00218904438
27200.2403,86.0164012,0.00223776339
27834.4769,86.016403,0.00228746453
28483.5021,86.0164048,0.00233816027
29147.6609,86.0164068,0.00238986387
29827.306,86.0164088,0.00244258838
30522.7987,86.0164109,0.00249634483
31234.5083,86.0164131,0.00255114719
31962.8132,86.0164154,0.00260700564
32708.1001,86.0164177,0.0026639323
33470.7652,86.0164202,0.00272193829
34251.2135,86.0164228,0.00278103338
35049.8598,86.0164255,0.00284122864
35867.1284,86.0164282,0.00290253314
36703.4535,86.0164311,0.00296495527
37559.2794,86.0164341,0.00302850434
38435.061,86.0164373,0.003093188
39331.2633,86.0164405,0.00315901395
40248.3628,86.0164439,0.00322598801
41186.8465,86.0164474,0.00329411733
42147.2131,86.016451,0.00336340632
43129.9729,86.0164548,0.00343386007
44135.648,86.0164587,0.00350548239
45164.7728,86.0164627,0.00357827845
46217.894,86.0164669,0.00365224854
47295.5711,86.0164713,0.00372739708
48398.3768,86.0164757,0.00380372362
49526.8969,86.0164804,0.00388123052
50681.7311,86.0164852,0.00395991821
51863.493,86.0164902,0.00403978469
53072.8103,86.0164953,0.00412083262
54310.3257,86.0165006,0.00420305851
55576.6966,86.0165061,0.00428646305
56872.5959,86.0165117,0.00437104403
58198.7121,86.0165175,0.00445679932
59555.7497,86.0165235,0.00454372901
60944.4299,86.0165297,0.0046318323
62365.4903,86.016536,0.00472110651
63819.686,86.0165426,0.00481155245
65307.7896,86.0165493,0.00490317162
66830.5919,86.0165562,0.0049959627
68388.9018,86.0165632,0.00508993188
69983.5473,86.0165705,0.00518507765
71615.3756,86.0165779,0.00528141041
73285.2538,86.0165856,0.00537893639
74994.0691,86.0165934,0.0054776586
76742.7293,86.0166014,0.00557759698
78532.1636,86.0166096,0.00567875975
80363.3228,86.0166179,0.00578116875
82237.1796,86.0166265,0.00588484073
84154.7297,86.0166352,0.00598979736
86116.992,86.0166441,0.00609607639
88125.0089,86.0166532,0.00620369231
90179.8474,86.0166624,0.00631269587
92282.5992,86.0166718,0.00642312391
94434.3816,86.0166814,0.00653502034
96636.3377,86.0166912,0.00664842816
98889.6375,86.0167011,0.0067634203
101195.478,86.0167112,0.00688005063
103555.085,86.0167214,0.00699838454
105969.711,86.0167318,0.00711850266
108440.64,86.0167424,0.00724047301
110969.185,86.0167532,0.00736437567
113556.688,86.0167641,0.00749033104
116204.525,86.0167751,0.00761841746
118914.103,86.0167864,0.00774875208
121686.86,86.0167978,0.00788142865
124524.271,86.0168094,0.00801658234
127427.842,86.0168211,0.00815431319
130399.117,86.016833,0.00829479066
133439.674,86.0168452,0.00843813926
136551.129,86.0168575,0.00858447656
139735.135,86.01687,0.00873396416
142993.383,86.0168827,0.00888676285
146327.604,86.0168957,0.00904302507
149739.571,86.0169089,0.00920294427
153231.096,86.0169224,0.00936665088
156804.033,86.0169361,0.009534354
160460.282,86.0169501,0.00970618861
164201.785,86.0169644,0.00988238035
168030.529,86.016979,0.0100631069
171948.55,86.016994,0.0102485533
175957.928,86.0170094,0.0104389468
180060.795,86.0170251,0.0106344126
184259.329,86.0170413,0.0108352343
188555.761,86.0170579,0.0110415822
192952.375,86.017075,0.0112536554
197451.506,86.0170926,0.0114717195
202055.545,86.0171107,0.011695942
206766.938,86.0171295,0.011926561
211588.187,86.0171489,0.0121638156
216521.856,86.0171689,0.0124078722
221570.564,86.0171897,0.0126590524
226736.994,86.0172112,0.0129175304
232023.892,86.0172335,0.0131836002
237434.066,86.0172566,0.0134574601
242970.39,86.0172807,0.0137393807
248635.807,86.0173057,0.0140296099
254433.326,86.0173317,0.0143284276
260366.028,86.0173588,0.0146360932
266437.065,86.017387,0.0149528958
272649.661,86.0174164,0.0152791097
279007.119,86.0174471,0.0156150519
285512.816,86.0174791,0.0159609916
292170.208,86.0175125,0.0163172658
298982.832,86.0175474,0.0166841898
305954.309,86.0175838,0.0170621215
313088.341,86.0176219,0.0174513869
320388.72,86.0176617,0.0178523661
327859.325,86.0177033,0.0182654093
335504.124,86.0177468,0.0186909534
343327.179,86.0177923,0.0191293741
351332.646,86.0178399,0.0195811146
359524.78,86.0178897,0.0200466276
367907.932,86.0179419,0.0205263839
376486.557,86.0179964,0.0210208674
385265.212,86.0180536,0.0215305948
394248.562,86.0181133,0.0220561186
403441.379,86.0181759,0.0225979898
412848.549,86.0182414,0.0231568247
422475.068,86.0183101,0.0237332615
432326.052,86.0183819,0.0243279256
442406.734,86.0184571,0.0249415482
452722.471,86.0185359,0.0255748501
463278.743,86.0186184,0.0262286073
474081.159,86.0187048,0.0269036372
485135.458,86.0187952,0.0276008101
496447.514,86.0188899,0.0283210275
508023.336,86.0189892,0.0290652537
519869.076,86.019093,0.0298345083
531991.026,86.0192019,0.0306298672
544395.628,86.0193158,0.031452469
557089.472,86.0194351,0.0323035201
570079.302,86.0195601,0.0331842926
583372.02,86.019691,0.0340961355
596974.689,86.0198281,0.0350404909
610894.535,86.0199716,0.0360188598
625138.955,86.0201219,0.0370328667
639715.516,86.0202794,0.0380842079
654631.963,86.0204442,0.039174698
669896.222,86.0206169,0.0403062578
685516.403,86.0207977,0.0414809288
701500.804,86.020987,0.0427008768
717857.919,86.0211853,0.0439684068
734596.437,86.021393,0.0452859621
751725.253,86.0216104,0.0466561501
769253.467,86.0218381,0.0480817308
787190.391,86.0220766,0.0495656521
805545.557,86.0223263,0.0511110401
824328.715,86.0225877,0.052721229
843549.847,86.0228615,0.054399766
863219.164,86.0231483,0.0561504268
883347.116,86.0234485,0.057977234
903944.398,86.0237629,0.0598844723
925021.953,86.0240921,0.0618767074
946590.98,86.0244368,0.063958805
968662.94,86.0247978,0.0661359531
991249.557,86.0251758,0.0684136831
1014362.83,86.0255716,0.070797892
1038015.05,86.025986,0.0732948725
1062218.77,86.02642,0.075911337
1086986.86,86.0268744,0.0786544474
1112332.48,86.0273502,0.0815318483
1138269.08,86.0278483,0.0845517014
1164810.46,86.02837,0.0877227155
1191970.71,86.0289162,0.091054196
1219764.27,86.0294881,0.0945560753
1248205.89,86.0300869,0.0982389665
1277310.7,86.0307139,0.102114205
1307094.16,86.0313704,0.106193904
1337572.08,86.0320577,0.110491007
1368760.67,86.0327774,0.115019343
1400676.49,86.0335309,0.1197937
1433336.51,86.0343198,0.124829883
1466758.06,86.0351458,0.130144789
1500958.92,86.0360106,0.135756487
1535957.25,86.036916,0.141684299
1571771.65,86.037864,0.147948888
1608421.14,86.0388564,0.154572358
1645925.2,86.0398954,0.161578353
1684303.76,86.0409832,0.168992167
1723577.2,86.042122,0.176840864
1763766.39,86.0433142,0.185153402
1804892.68,86.0445623,0.19396077
1846977.93,86.0458689,0.203296134
1890044.5,86.0472367,0.213194992
1934115.26,86.0486685,0.22369534
1979213.63,86.0501673,0.234837853
2025363.57,86.0517362,0.246666076
2072589.61,86.0533785,0.259226632
2120916.84,86.0550975,0.27256944
2170370.92,86.0568967,0.286747958
2220978.14,86.05878,0.301819432
2272765.38,86.060751,0.31784517
2325760.17,86.0628139,0.334890839
2379990.65,86.0649729,0.353026774
2435485.64,86.0672323,0.372328321
2492274.62,86.0695967,0.392876195
2550387.77,86.0720709,0.41475687
2609855.96,86.0746599,0.438062996
2670710.79,86.0773688,0.462893847
2732984.6,86.080203,0.489355802
2796710.46,86.0831683,0.51756286
2861922.23,86.0862703,0.547637194
2928654.57,86.0895153,0.579709746
2996942.93,86.0929096,0.613920867
3066823.59,86.0964596,0.650420999
3138333.68,86.1001723,0.689371418
3211511.19,86.1040548,0.730945016
3286395.0,86.1081143,0.775327159
3363024.91,86.1123585,0.822716595
3441441.61,86.1167953,0.873326436
3521686.79,86.1214327,0.927385211
3603803.07,86.1262792,0.985137998
3687834.07,86.1313434,1.04684764
3773824.46,86.1366341,1.11279605
3861819.91,86.1421606,1.18328562
3951867.18,86.147932,1.25864072
4044014.1,86.1539581,1.33920934
4138309.65,86.1602483,1.4253648
4234803.92,86.1668128,1.51750767
4333548.17,86.1736613,1.61606773
4434594.87,86.180804,1.72150618
4537997.71,86.188251,1.83431793
4643811.63,86.1960121,1.95503413
4752092.84,86.2040973,2.08422482
4862898.88,86.2125163,2.22250185
4976288.62,86.2212783,2.37052194
5092322.31,86.2303923,2.52899004
5211061.59,86.2398665,2.69866288
5332569.55,86.2497084,2.88035279
5456910.74,86.2599244,3.07493182
5584151.25,86.2705198,3.28333613
5714358.65,86.2814984,3.50657073
5847602.15,86.292862,3.74571446
5983952.52,86.3046103,4.00192543
6123482.22,86.3167404,4.27644674
6266265.38,86.3292458,4.57061259
6412377.86,86.3421168,4.88585482
6561897.29,86.3553388,5.2237098
6714903.1,86.3688921,5.58582572
6871476.61,86.3827507,5.97397032
7031700.99,86.3968814,6.39003894
7195661.37,86.4112424,6.83606304
7363444.86,86.4257821,7.31421889
7535140.62,86.4404372,7.82683669
7710839.86,86.4551311,8.37640978
7890635.93,86.4697714,8.96560397
8074624.37,86.4842478,9.59726678
8262902.92,86.4984292,10.2744365
8455571.62,86.5121602,11.0003505
8652732.84,86.5252579,11.7784532
8854491.33,86.5375073,12.6124022
9060954.28,86.5486571,13.5060733
9272231.4,86.5584141,14.4635625
9488434.93,86.5664377,15.4891856
9709679.74,86.5723331,16.5874733
9936083.39,86.5756443,17.7631613
10167766.2,86.5758463,19.0211743
10404851.2,86.572337,20.366602
10647464.3,86.5644278,21.8046654
10895734.6,86.551335,23.3406726
11149793.9,86.5321698,24.9799606
11409777.1,86.5059296,26.7278227
11675822.5,86.4714891,28.5894193
11948071.3,86.4275929,30.5696696
12226668.2,86.3728498,32.6731254
12511761.3,86.3057295,34.9038255
12803502.0,86.2245631,37.2651326
13102045.2,86.1275478,39.7595557
13407549.7,86.0127564,42.3885635
13720177.8,85.8781539,45.1523954
14040095.5,85.7216199,48.0498801
14367472.8,85.5409784,51.078273
14702483.7,85.3340336,54.2331247
15045306.1,85.0986117,57.5081938
15396122.2,84.8326064,60.8954142
15755118.4,84.5340269,64.3849257
16122485.5,84.2010442,67.9651705
16498418.5,83.832035,71.6230547
16883117.3,83.4256194,75.344166
17276786.3,82.9806908,79.1130359
17679634.5,82.4964374,82.913431
18091876.1,81.9723533,86.7286561
18513730.1,81.4082422,90.5418561
18945420.5,80.8042118,94.3363024
19387176.9,80.1606628,98.0956571
19839233.7,79.4782719,101.804211
20301831.4,78.757971,105.447094
20775215.6,78.0009238,109.010453
21259637.8,77.2084984,112.481612
21755355.4,76.3822391,115.849192
22262631.9,75.5238361,119.103212
22781736.7,74.6350932,122.235152
23312945.6,73.7178955,125.237992
23856540.8,72.7741779,128.106206
24412811.3,71.8058931,130.835738
24982052.5,70.8149835,133.423933
25564566.8,69.8033546,135.869453
26160663.9,68.7728528,138.172162
26770660.3,67.7252467,140.333003
27394880.2,66.6622127,142.353862
28033655.2,65.585325,144.237426
28687324.7,64.4960488,145.987051
29356236.1,63.3957372,147.606624
30040744.7,62.2856312,149.100445
30741214.2,61.1668618,150.473113
31458016.7,60.0404538,151.729428
32191533.1,58.9073317,152.874306
32942153.2,57.7683256,153.912703
33710275.8,56.6241782,154.849557
34496308.8,55.4755521,155.689735
35300670.1,54.3230369,156.437993
36123786.9,53.167156,157.098949
36966096.6,52.0083737,157.677052
37828046.7,50.8471014,158.176571
38710095.1,49.6837032,158.601579
39612710.6,48.5185018,158.955949
40536372.6,47.3517832,159.243347
41481571.9,46.1838014,159.467236
42448810.7,45.0147822,159.630872
43438603.0,43.844927,159.737311
44451474.5,42.6744162,159.789415
45487963.5,41.5034117,159.789852
46548620.6,40.3320598,159.741109
47634009.4,39.1604934,159.645495
48744706.6,37.988834,159.50515
49881302.2,36.8171932,159.322051
51044400.2,35.6456748,159.09802
52234618.5,34.4743754,158.834729
53452589.5,33.3033864,158.533712
54698960.3,32.1327945,158.196365
55974393.2,30.9626826,157.823958
57279565.7,29.7931312,157.417636
58615171.3,28.6242183,156.978431
59981919.6,27.4560207,156.507262
61380536.9,26.288614,156.004939
62811766.1,25.1220734,155.472176
64276367.8,23.9564741,154.909585
65775120.1,22.7918917,154.317687
67308819.2,21.6284023,153.696913
68878280.1,20.466083,153.047607
70484336.5,19.3050119,152.37003
72127841.9,18.1452688,151.664363
73809669.5,16.9869348,150.930706
75530712.7,15.830093,150.169087
77291886.1,14.6748282,149.379455
79094125.2,13.5212272,148.561689
80938387.8,12.3693792,147.715595
82825653.6,11.2193752,146.840909
84756925.4,10.0713088,145.937297
86733229.2,8.92527551,145.004354
88755615.1,7.78137351,144.04161
90825157.7,6.63970308,143.048522
92942956.4,5.50036686,142.02448
95110136.5,4.3634697,140.968804
97327849.4,3.22911865,139.880747
99597273.4,2.09742285,138.759489
101919614.0,0.968493435,137.604141
104296106.0,-0.157556621,136.413743
106728011.0,-1.28061264,135.187261
109216622.0,-2.40055843,133.923589
111763260.0,-3.51727652,132.621548
114369279.0,-4.63064836,131.279882
117036063.0,-5.74055462,129.89726
119765030.0,-6.84687547,128.472271
122557629.0,-7.94949091,127.00343
125415343.0,-9.04828115,125.489169
128339692.0,-10.1431269,123.927843
131332229.0,-11.23391,122.317722
134394544.0,-12.3205135,120.656999
137528264.0,-13.4028225,118.943781
140735053.0,-14.4807243,117.176095
144016617.0,-15.5541093,115.351884
147374698.0,-16.6228711,113.469009
150811080.0,-17.6869074,111.525251
154327589.0,-18.7461202,109.518305
157926094.0,-19.8004168,107.44579
161608506.0,-20.8497099,105.305243
165376782.0,-21.8939187,103.094125
169232925.0,-22.9329688,100.809822
173178982.0,-23.9667936,98.4496449
177217051.0,-24.9953338,96.0108354
181349276.0,-26.0185388,93.4905678
185577854.0,-27.0363669,90.8859524
189905031.0,-28.0487856,88.1940398
194333107.0,-29.055772,85.4118249
198864433.0,-30.0573134,82.5362519
203501417.0,-31.0534075,79.5642187
208246524.0,-32.0440624,76.492583
213102273.0,-33.0292971,73.3181677
218071246.0,-34.0091416,70.0377666
223156082.0,-34.9836366,66.6481516
228359482.0,-35.9528337,63.1460783
233684212.0,-36.9167949,59.5282935
239133100.0,-37.875593,55.7915421
244709041.0,-38.8293106,51.9325744
250414999.0,-39.7780398,47.9481535
256254004.0,-40.7218817,43.8350629
262229159.0,-41.6609457,39.5901145
268343639.0,-42.5953486,35.2101563
274600692.0,-43.5252135,30.6920806
281003642.0,-44.450669,26.0328323
287555892.0,-45.3718476,21.2294166
294260923.0,-46.2888848,16.2789086
301122298.0,-47.2019169,11.1784608
308143661.0,-48.1110795,5.92531291
315328743.0,-49.0165057,0.51680025
322681363.0,-49.9183238,-5.04963635
330205425.0,-50.8166548,-10.776441
337904929.0,-51.71161,-16.6659325
345783964.0,-52.6032877,-22.7202937
353846717.0,-53.4917703,-28.9415599
362097472.0,-54.3771201,-35.3316071
370540613.0,-55.259376,-41.8921389
379180625.0,-56.138548,-48.6246727
388022098.0,-57.0146128,-55.5305245
397069731.0,-57.8875075,-62.6107927
406328331.0,-58.7571232,-69.86634
415802816.0,-59.6232972,-77.2977743
425498221.0,-60.4858045,-84.9054271
435419697.0,-61.3443474,-92.6893307
445572515.0,-62.1985443,-100.649193
455962069.0,-63.0479155,-108.78437
466593880.0,-63.8918671,-117.093839
477473595.0,-64.7296723,-125.576166
488606997.0,-65.5604483,-134.229479
500000000.0,-66.3831293,-143.051438
